web-scraper-order,web-scraper-start-url,title,composition,image-src,sauce
"1625241130-189","https://www.fivepizzaoriginal.com/sauce-tomate/","San Pietro","Jambon de dinde, chèvre, champignons.","/wp-content/uploads/2021/01/San-Pietro-e1612517394416.png","Sauce Tomate"
"1625241130-179","https://www.fivepizzaoriginal.com/sauce-tomate/","Végétarienne","Sauce tomate, mozzarella, poivrons, tomates fraîches, olives.","/wp-content/uploads/2021/06/Vegetarienne.png","Sauce Tomate"
"1625241130-182","https://www.fivepizzaoriginal.com/sauce-tomate/","Parisienne","Poulet, poivrons.","/wp-content/uploads/2021/01/Parisienne-min-e1612517359966.png","Sauce Tomate"
"1625241130-197","https://www.fivepizzaoriginal.com/sauce-tomate/","Orientale","Sauce tomate, mozzarella, merguez, champignons, oeuf.","/wp-content/uploads/2021/06/Orientale.png","Sauce Tomate"
"1625241130-180","https://www.fivepizzaoriginal.com/sauce-tomate/","4 fromages","Chèvre, mozzarella, parmesan, gorgonzolla.","/wp-content/uploads/2021/01/4fromages-min-e1612517345291.png","Sauce Tomate"
"1625241130-181","https://www.fivepizzaoriginal.com/sauce-tomate/","Cannibale","Poulet, viande hachée.","/wp-content/uploads/2021/01/Cannibale-min-e1612516600969.png","Sauce Tomate"
"1625241130-183","https://www.fivepizzaoriginal.com/sauce-tomate/","Tikka","Poulet fumé, poivrons, pommes de terre.","/wp-content/uploads/2021/01/Tikka-min-e1612517237650.png","Sauce Tomate"
"1625241130-198","https://www.fivepizzaoriginal.com/sauce-tomate/","Hawaïenne","Sauce tomate, mozzarella, jambon de dinde, ananas.","/wp-content/uploads/2021/06/Hawaïenne.png","Sauce Tomate"
"1625241130-196","https://www.fivepizzaoriginal.com/sauce-tomate/","Fruit De Mer","Fruit de mer.","/wp-content/uploads/2021/01/FruitsDeMer-min-e1612516795895.png","Sauce Tomate"
"1625241130-194","https://www.fivepizzaoriginal.com/sauce-tomate/","Pêcheur","Thon, oeuf, olives.","/wp-content/uploads/2021/03/Fisher.png","Sauce Tomate"
"1625241130-193","https://www.fivepizzaoriginal.com/sauce-tomate/","Calzone","Jambon de dinde ou poulet ou thon ou viande hachée.","/wp-content/uploads/2021/01/Calzone-min-e1612516517246.png","Sauce Tomate"
"1625241130-177","https://www.fivepizzaoriginal.com/sauce-tomate/","Reine","Sauce tomate, mozzarella, jambon de dinde, champignons.","/wp-content/uploads/2021/06/Reine.png","Sauce Tomate"
"1625241130-184","https://www.fivepizzaoriginal.com/sauce-tomate/","Brésilienne","Viande hachée, merguez, olives, poivrons.","/wp-content/uploads/2021/01/Bresilienne-min-e1612516484151.png","Sauce Tomate"
"1625241130-186","https://www.fivepizzaoriginal.com/sauce-tomate/","Campione","Viande hachée, oeuf, champignons.","/wp-content/uploads/2021/01/Campione-min-e1612516574492.png","Sauce Tomate"
"1625241130-195","https://www.fivepizzaoriginal.com/sauce-tomate/","Saumon","Saumon.","/wp-content/uploads/2021/01/Saumon-min-e1612517187383.png","Sauce Tomate"
"1625241130-178","https://www.fivepizzaoriginal.com/sauce-tomate/","Margherita","Sauce tomate, mozzarella.","/wp-content/uploads/2021/06/Margherita.png","Sauce Tomate"
"1625241130-187","https://www.fivepizzaoriginal.com/sauce-tomate/","Mexicaine","Merguez, chorizo, olives, poivrons.","/wp-content/uploads/2021/01/Mexicaine-min-e1612516961217.png","Sauce Tomate"
"1625241130-191","https://www.fivepizzaoriginal.com/sauce-tomate/","4 Saisons","Jambon de dinde, champignons, olives, artichauts.","/wp-content/uploads/2021/01/Quatre-Saisons-min-e1612517153690.png","Sauce Tomate"
"1625241130-188","https://www.fivepizzaoriginal.com/sauce-tomate/","Regina","Chorizo, champignons, olives.","/wp-content/uploads/2021/01/regina_optimized.png","Sauce Tomate"
"1625241130-192","https://www.fivepizzaoriginal.com/sauce-tomate/","Hot Pepper","Jambon de dinde, poulet, piment rouge.","/wp-content/uploads/2021/01/Hot-Pepper-min-e1612516836341.png","Sauce Tomate"
"1625241130-185","https://www.fivepizzaoriginal.com/sauce-tomate/","Five","Viande hachée, chorizo, olives, poivrons, oeuf.","/wp-content/uploads/2021/01/FivePizza-min-e1612516758992.png","Sauce Tomate"
"1625241130-190","https://www.fivepizzaoriginal.com/sauce-tomate/","3 Jambons","Jambon de dinde, chorizo, lardons de veau, oignons.","/wp-content/uploads/2021/01/TroisJambons-min-e1612517254311.png","Sauce Tomate"
